id,name,assessmentType,developmentPhase,methodology,status,calculatedAt
ASS_CUSTOM,Screening assessment – Custom Gripper,development-accompanying sustainability screening,Concept,PCF / lifecycle screening,not calculated,
ASS_LARGE,Screening assessment – Large Gripper,development-accompanying sustainability screening,Concept,PCF / lifecycle screening,not calculated,
ASS_ADAPTIVE,Screening assessment – Adaptive Gripper,development-accompanying sustainability screening,Concept,PCF / lifecycle screening,not calculated,
ASS_VACUUM,Screening assessment – Vacuum Pump / Suction Tool,development-accompanying sustainability screening,Concept,PCF / lifecycle screening,not calculated,
ASS_MAGNET,Screening assessment – Electromagnet,development-accompanying sustainability screening,Concept,PCF / lifecycle screening,not calculated,
ASS_FLAT_PA12,Screening assessment – Custom + Flat jaws / PA12 / MJF,development-accompanying sustainability screening,Concept,PCF / lifecycle screening,not calculated,
ASS_PREC_PA12,Screening assessment – Custom + Precision jaws / PA12 / MJF,development-accompanying sustainability screening,Concept,PCF / lifecycle screening,not calculated,
ASS_XL_PA12,Screening assessment – Custom + XL jaws / PA12 / MJF,development-accompanying sustainability screening,Concept,PCF / lifecycle screening,not calculated,
ASS_FLAT_PETG,Screening assessment – Flat jaws / PETG / FFF,development-accompanying sustainability screening,Concept,PCF / lifecycle screening,not calculated,
ASS_FLAT_AL,Screening assessment – Flat jaws / Al6061 / CNC,development-accompanying sustainability screening,Concept,PCF / lifecycle screening,not calculated,
ASS_PREC_POM,Screening assessment – Precision jaws / POM / CNC,development-accompanying sustainability screening,Concept,PCF / lifecycle screening,not calculated,
ASS_PREC_AL7075,Screening assessment – Precision jaws / Al7075 / CNC,development-accompanying sustainability screening,Concept,PCF / lifecycle screening,not calculated,
ASS_XL_CFPA,Screening assessment – XL jaws / CF-PA / FFF,development-accompanying sustainability screening,Concept,PCF / lifecycle screening,not calculated,
ASS_V_PA12,Screening assessment – V-groove jaws / PA12 / MJF,development-accompanying sustainability screening,Concept,PCF / lifecycle screening,not calculated,
ASS_V_PETG,Screening assessment – V-groove jaws / PETG / FFF,development-accompanying sustainability screening,Concept,PCF / lifecycle screening,not calculated,
ASS_V_POM,Screening assessment – V-groove jaws / POM / CNC,development-accompanying sustainability screening,Concept,PCF / lifecycle screening,not calculated,
ASS_V_AL,Screening assessment – V-groove jaws / Al6061 / CNC,development-accompanying sustainability screening,Concept,PCF / lifecycle screening,not calculated,
ASS_CONC_PA12,Screening assessment – Concave jaws / PA12 / MJF,development-accompanying sustainability screening,Concept,PCF / lifecycle screening,not calculated,
ASS_CONC_POM,Screening assessment – Concave jaws / POM / CNC,development-accompanying sustainability screening,Concept,PCF / lifecycle screening,not calculated,
ASS_TPU_PAD,Screening assessment – PA12 jaws + TPU pads,development-accompanying sustainability screening,Concept,PCF / lifecycle screening,not calculated,
ASS_SIL_PAD,Screening assessment – Aluminum jaws + silicone pads,development-accompanying sustainability screening,Concept,PCF / lifecycle screening,not calculated,
ASS_FINRAY_TPU,Screening assessment – Fin-Ray fingers / TPU / FFF,development-accompanying sustainability screening,Concept,PCF / lifecycle screening,not calculated,
ASS_FINRAY_TPE,Screening assessment – Fin-Ray fingers / TPE / FFF,development-accompanying sustainability screening,Concept,PCF / lifecycle screening,not calculated,
ASS_LONG_CFPA,Screening assessment – Long-reach fingers / CF-PA / FFF,development-accompanying sustainability screening,Concept,PCF / lifecycle screening,not calculated,
ASS_LONG_AL,Screening assessment – Long-reach fingers / Al6061 / CNC,development-accompanying sustainability screening,Concept,PCF / lifecycle screening,not calculated,
ASS_THIN_POM,Screening assessment – Thin precision fingers / POM / CNC,development-accompanying sustainability screening,Concept,PCF / lifecycle screening,not calculated,
ASS_THIN_STEEL,Screening assessment – Thin compliant fingers / spring steel,development-accompanying sustainability screening,Concept,PCF / lifecycle screening,not calculated,
ASS_INTERNAL_PA12,Screening assessment – Internal-expansion fingers / PA12 / MJF,development-accompanying sustainability screening,Concept,PCF / lifecycle screening,not calculated,
ASS_INTERNAL_AL,Screening assessment – Internal-expansion fingers / Al6061 / CNC,development-accompanying sustainability screening,Concept,PCF / lifecycle screening,not calculated,
ASS_3FINGER_PA12,Screening assessment – Three-finger underactuated / PA12,development-accompanying sustainability screening,Concept,PCF / lifecycle screening,not calculated,
ASS_SOFT_SIL,Screening assessment – Soft pneumatic fingers / silicone,development-accompanying sustainability screening,Concept,PCF / lifecycle screening,not calculated,
ASS_VAC_SMALL_NBR,Screening assessment – Small suction cup / NBR,development-accompanying sustainability screening,Concept,PCF / lifecycle screening,not calculated,
ASS_VAC_LARGE_SIL,Screening assessment – Large suction cup / silicone,development-accompanying sustainability screening,Concept,PCF / lifecycle screening,not calculated,
ASS_VAC_ARRAY,Screening assessment – Four-cup vacuum array,development-accompanying sustainability screening,Concept,PCF / lifecycle screening,not calculated,
ASS_MAG_SMALL,Screening assessment – Small magnetic pole shoe,development-accompanying sustainability screening,Concept,PCF / lifecycle screening,not calculated,
ASS_MAG_WIDE,Screening assessment – Wide magnetic pole shoe,development-accompanying sustainability screening,Concept,PCF / lifecycle screening,not calculated,
ASS_HYBRID,Screening assessment – Rigid-soft hybrid jaw / PA12+TPU,development-accompanying sustainability screening,Concept,PCF / lifecycle screening,not calculated,
ASS_FLAT_ABS,Screening assessment - Flat jaws / ABS / FFF,development-accompanying sustainability screening,Concept,PCF / lifecycle screening,not calculated,
ASS_FLAT_ASA,Screening assessment - Flat jaws / ASA / FFF,development-accompanying sustainability screening,Concept,PCF / lifecycle screening,not calculated,
ASS_FLAT_PLA,Screening assessment - Flat jaws / PLA / FFF,development-accompanying sustainability screening,Concept,PCF / lifecycle screening,not calculated,
ASS_PREC_PA11,Screening assessment - Precision jaws / PA11 / SLS,development-accompanying sustainability screening,Concept,PCF / lifecycle screening,not calculated,
ASS_PREC_PC,Screening assessment - Precision jaws / PC / CNC,development-accompanying sustainability screening,Concept,PCF / lifecycle screening,not calculated,
ASS_PU_PAD,Screening assessment - PA12 jaws + PU pads,development-accompanying sustainability screening,Concept,PCF / lifecycle screening,not calculated,
