id,name,processType,technology,geographicalLocation,dataAcquisition,status,source,sourceDatabase,referenceYear
PROC_MJF,Multi Jet Fusion,Manufacturing,powder-bed polymer AM,DE/EU candidate,reference/concept,candidate,,,
PROC_SLS,Selective Laser Sintering,Manufacturing,powder-bed polymer AM,DE/EU candidate,reference/concept,candidate,,,
PROC_FFF,Fused Filament Fabrication,Manufacturing,material extrusion,DE/EU candidate,reference/concept,candidate,,,
PROC_CNC,CNC milling,Manufacturing,subtractive machining,DE/EU candidate,reference/concept,candidate,,,
PROC_LASER,Laser cutting,Manufacturing,sheet cutting,DE/EU candidate,reference/concept,candidate,,,
PROC_BEND,Sheet-metal bending,Manufacturing,forming,DE/EU candidate,reference/concept,candidate,,,
PROC_SILCAST,Silicone casting,Manufacturing,elastomer casting,DE/EU candidate,reference/concept,candidate,,,
PROC_RUBBER,Elastomer molding,Manufacturing,rubber molding,DE/EU candidate,reference/concept,candidate,,,
PROC_OVERMOLD,Overmolding,Manufacturing,rigid-soft hybrid molding,DE/EU candidate,reference/concept,candidate,,,
PROC_SCREW,Screw fastening,Assembly,reversible joining,DE/EU candidate,reference/concept,candidate,,,
PROC_FINISH,Deburring / finishing,Postprocess,surface finishing,DE/EU candidate,reference/concept,candidate,,,
PROC_USE,Robot gripping operation,Use,pick-and-place,DE/EU candidate,reference/concept,candidate,,,
PROC_REPAIR,Replace jaw / pad,Service,maintenance,DE/EU candidate,reference/concept,candidate,,,
PROC_RECYCLE_POLY,Polymer recycling scenario,End of Life,material recovery,DE/EU candidate,reference/concept,candidate,,,
PROC_RECYCLE_METAL,Metal recycling scenario,End of Life,material recovery,DE/EU candidate,reference/concept,candidate,,,
PROC_ALU_EXTRUSION_EF,Aluminium profile (EN15804 A1-A3),RawMaterialProduction,Aluminum profiles are produced by an extrusion process. The starting material is aluminium billets (typically of cylindrical shape); which are pressed,RER,background LCI dataset (secondary data ILCD),reference,Sphera,Sphera Managed LCA Content (MLC),2024
PROC_ALU_EXTRUSION_IDEMAT,Aluminium extrusion profile; production mix; at plant; primary production; aluminium semi-finished extrusion product; including primary production; transformation and   recycling,RawMaterialProduction,Aluminium profiles are produced through the extrusion process. These profiles are produced from aluminium ingots called billets (usually cylinders) wh,RER,background LCI dataset (secondary data ILCD),reference,IDEMAT,IDEMAT (TU Delft),2005
PROC_ALU_SHEET_IDEMAT,Aluminium sheet; production mix; at plant; primary production; aluminium semi-finished sheet product; including primary production; transformation and recycling,RawMaterialProduction,Aluminium sheets are produced from aluminium ingots called slabs (usually rectangular-shape) which are hot rolled at temperature around 400-500Â°C and,RER,background LCI dataset (secondary data ILCD),reference,IDEMAT,IDEMAT (TU Delft),2005
PROC_STEEL_SECTIONS_ILCD,Steel sections (ILCD); production mix; at plant; blast furnace route / electric arc furnace route; 1 kg,RawMaterialProduction,This dataset includes raw material extraction (e.g. coal; iron; ore; etc.) and processing; e.g. coke making; sinter; blast furnace; basic oxygen furna,GLO,background LCI dataset (secondary data ILCD),reference,IDEMAT,IDEMAT (TU Delft),2007
PROC_STEEL_HRC,Steel hot rolled coil; production mix; at plant; blast furnace route; thickness 2 to 7 mm; width 600 to 2100 mm,RawMaterialProduction,Raw material extraction and processing; e.g. coal; iron ore; etc.; and recycling of steel scrap; Coke making; Sinter; Blast Furnace; Basic Oxygen Furn,RER,background LCI dataset (secondary data ILCD),reference,IDEMAT,IDEMAT (TU Delft),2000
PROC_COPPER_WIRE_CONSMIX,Copper wire; consumption mix; at plant; technology mix; cross section 1 mmy,RawMaterialProduction,Copper wire is basically made of copper cathode (virgin copper). It encompasses a few amounts of process internal scrap e.g. turnings; cuttings. The p,EU-15,background LCI dataset (secondary data ILCD),reference,IDEMAT,IDEMAT (TU Delft),2000
PROC_COPPER_SHEET_MARKETMIX,Copper sheet; technology mix; market mix; at plant; 0;6 mm thickness; Technology and Market Mix for Sheet fabrication representing main European production countries; Market Mix for Copper cathode in Europe (primary and secondary Cu cathode production...,RawMaterialProduction,Copper sheet is basically made of copper cathode (virgin copper) and scrap from outside as well as process internal scrap e.g. turnings; cuttings. The,EU-25,background LCI dataset (secondary data ILCD),reference,IDEMAT,IDEMAT (TU Delft),2011
PROC_COPPER_SHEET_CONSMIX,Copper sheet; consumption mix; at plant; technology mix; 0;6 mm thickness,RawMaterialProduction,Copper sheet is basically made of copper cathode (virgin copper) and scrap from outside as well as process internal scrap e.g. turnings; cuttings. The,EU-15,background LCI dataset (secondary data ILCD),reference,IDEMAT,IDEMAT (TU Delft),2000
PROC_STEEL_REBAR,Steel rebar; production mix; at plant; blast furnace and electric arc furnace route;,RawMaterialProduction,Raw material extraction and processing; e.g. coal; iron ore; etc.; and recycling of steel scrap; Coke making; Sinter; Blast Furnace; Basic Oxygen Furn,GLO,background LCI dataset (secondary data ILCD),reference,IDEMAT,IDEMAT (TU Delft),2000
PROC_STEEL_GALV_ILCD,Steel hot dip galvanized (ILCD); production mix; at plant; blast furnace route; 1kg; typical thickness between 0.3 - 3 mm. typical width between 600 - 2100 mm.,RawMaterialProduction,This dataset includes raw material extraction (e.g. coal; iron; ore; etc.) and processing; e.g. coke making; sinter; blast furnace; basic oxygen furna,GLO,background LCI dataset (secondary data ILCD),reference,IDEMAT,IDEMAT (TU Delft),2007
PROC_COPPER_TUBE_MARKETMIX,Copper tube; technology mix; market mix; at plant; diameter 15 mm; 1 mm thickness; Technology and Market Mix for Tube fabrication representing main European production countries; Market Mix for Copper cathode in Europe (primary and secondary Cu cathod...,RawMaterialProduction,Copper tube is basically made of copper cathode (virgin copper) and scrap from outside as well as process internal scrap e.g. turnings; cuttings. The ,EU-25,background LCI dataset (secondary data ILCD),reference,IDEMAT,IDEMAT (TU Delft),2011
PROC_STEEL_GALV_RECYCLED,Steel hot dip galvanized; including recycling; production mix; at plant; blast furnace route; 1kg; typical thickness between 0.3 - 3 mm. typical width between 600 - 2100 mm.,RawMaterialProduction,This dataset includes raw material extraction (e.g. coal; iron; ore; etc.); processing; e.g. coke making; sinter; blast furnace; basic oxygen furnace;,GLO,background LCI dataset (secondary data ILCD),reference,IDEMAT,IDEMAT (TU Delft),2007
PROC_COPPER_WIRE_MARKETMIX,Copper wire; technology mix; market mix; at plant; cross section 1 mm; Technology and Market Mix for Wire fabrication representing main European production countries; Market Mix for Copper cathode in Europe (primary and secondary Cu cathode production...,RawMaterialProduction,Copper wire is basically made of copper cathode (virgin copper). It encompasses a few amounts of process internal scrap e.g. turnings; cuttings. The p,EU-25,background LCI dataset (secondary data ILCD),reference,IDEMAT,IDEMAT (TU Delft),2011
PROC_STEEL_SECTIONS_RECYCLED,Steel sections; including recycling; production mix; at plant; blast furnace route / electric arc furnace route; 1kg,RawMaterialProduction,This dataset includes raw material extraction (e.g. coal; iron; ore; etc.); processing; e.g. coke making; sinter; blast furnace; basic oxygen furnace;,GLO,background LCI dataset (secondary data ILCD),reference,IDEMAT,IDEMAT (TU Delft),2007
PROC_COPPER_TUBE_CONSMIX,Copper tube; consumption mix; at plant; technology mix; diameter 15 mm; 1 mm thickness,RawMaterialProduction,Copper tube is basically made of copper cathode (virgin copper). It encompasses a few amont of process internal scrap e.g. turnings; cuttings. The pro,EU-15,background LCI dataset (secondary data ILCD),reference,IDEMAT,IDEMAT (TU Delft),2000
PROC_STEEL_HRC_RECYCLED,Steel hot rolled coil; including recycling; production mix; at plant; blast furnace route; 1kg; typical thickness between 2 - 7 mm. typical width between 600 - 2100 mm,RawMaterialProduction,This dataset includes raw material extraction (e.g. coal; iron; ore; etc.); processing; e.g. coke making; sinter; blast furnace; basic oxygen furnace;,GLO,background LCI dataset (secondary data ILCD),reference,IDEMAT,IDEMAT (TU Delft),2007
PROC_STEEL_HRC_ILCD,Steel hot rolled coil (ILCD); production mix; at plant; blast furnace route; 1kg; typical thickness between 2 - 7 mm. typical width between 600 - 2100 mm,RawMaterialProduction,This dataset includes raw material extraction (e.g. coal; iron; ore; etc.) and processing; e.g. coke making; sinter; blast furnace; basic oxygen furna,GLO,background LCI dataset (secondary data ILCD),reference,IDEMAT,IDEMAT (TU Delft),2007
PROC_STEEL_HR_SECTION,Steel hot rolled section; production mix; at plant; blast furnace and electric arc furnace route;,RawMaterialProduction,Raw material extraction and processing; e.g. coal; iron ore; etc.; and recycling of steel scrap; Coke making; Sinter; Blast Furnace; Basic Oxygen Furn,GLO,background LCI dataset (secondary data ILCD),reference,IDEMAT,IDEMAT (TU Delft),2000
PROC_ZINC_PRIMARY,Special high grade zinc; production mix; at plant; primary production,RawMaterialProduction,The production is devided into two major steps; the production of zinc concentrate and the subsequent zinc smelting. The zinc concentrate production i,GLO,background LCI dataset (secondary data ILCD),reference,IDEMAT,IDEMAT (TU Delft),2005
PROC_LEAD_PRIMARY,Lead; consumption mix; at plant; primary,RawMaterialProduction,The common process chain used for the dataset is from mining via ore dressing; roasting; melting and refining. The mining is a mi out of open cast and,DE,background LCI dataset (secondary data ILCD),reference,IDEMAT,IDEMAT (TU Delft),2002
PROC_WASTE_INCINERATION_MSW,Waste incineration of biodegradable waste fraction in municipal solid waste (MSW); at plant; average European waste-to-energy plant; without collection; transport and pre-treatment,EndOfLife,waste-to-energy incineration,EU-27,background LCI dataset (secondary data ILCD/GaBi),reference,,,
PROC_LEAD_SHEET_SECONDARY,Lead sheet mix; production mix; at producer; technology mix; secondary,RawMaterialProduction,Foreground system:			 The system boundaries comprise the cradle to grave life cycle of 80% of the production volume in the region EU-27; in the year 2,EU-27,background LCI dataset (secondary data ILCD),reference,IDEMAT,IDEMAT (TU Delft),2012
PROC_LEAD_PRIMSEC_MIX,Lead primary and secondary mix ; production mix; at producer; technology mix; primary 46% /  secondary 54%,RawMaterialProduction,Foreground system:			 The system boundaries comprise the cradle to gate life cycle of 80% of used technologies of ILA member companies in the year 200,EU-27,background LCI dataset (secondary data ILCD),reference,IDEMAT,IDEMAT (TU Delft),2011
PROC_STEEL_TINPLATE,Steel tinplate without EoL recycling  (collection year 2012/2013); European; production mix; at plant; blast furnace route; 1kg; typical thickness between 0.13 - 0.49 mm. typical width between 600 - 1100 mm.,RawMaterialProduction,This dataset includes raw material extraction (e.g. coal; iron; ore; etc.) and processing; e.g. coke making; sinter; blast furnace; basic oxygen furna,RER,background LCI dataset (secondary data ILCD),reference,IDEMAT,IDEMAT (TU Delft),2012
PROC_SCREW_GALVANIZED,Fixing material screws galvanized (EN15804 A1-A3),RawMaterialProduction,The life cycle analysis of steel screws contains all material and energetic needs for the production of a steel billet (with alloying elements) and it,RER,background LCI dataset (secondary data ILCD),reference,Sphera,Sphera Managed LCA Content (MLC),2024
PROC_SCREW_STAINLESS,Fixing material screws stainless steel (EN15804 A1-A3),RawMaterialProduction,The life cycle analysis of stainless steel screws contains all material and energetic needs for the production of secondary stainless steel and the ne,RER,background LCI dataset (secondary data ILCD),reference,Sphera,Sphera Managed LCA Content (MLC),2024
PROC_ADHESIVE_TPU,Thermoplastic polyurethane (TPU; TPE-U) adhesive,RawMaterialProduction,Foreground system: Thermoplastic adhesives are high-molecular weight adhesives commonly available in solvent-based and hot melt systems The polymer ch,DE,background LCI dataset (secondary data ILCD),reference,Sphera,Sphera Managed LCA Content (MLC),2024
PROC_ALU_CAST_MACHINING,Aluminium cast machining,Manufacturing,Machining of an aluminium cast blank in a machining centerÂ Â ,DE,background LCI dataset (secondary data ILCD),reference,Sphera,Sphera Managed LCA Content (MLC),2023
PROC_ALU_EXTRUSION_CN,Aluminium extrusion profile,RawMaterialProduction,Aluminium semi-finished sheet product; including primary production; transformation and recycling. Aluminum profiles are produced by an extrusion proc,CN,background LCI dataset (secondary data ILCD),reference,Sphera,Sphera Managed LCA Content (MLC),2024
PROC_ALU_SHEET_MIX_PRIMARY,Aluminium sheet mix primary,RawMaterialProduction,Aluminium sheets are produced through the rolling process. Sheets are produced from aluminium ingots called slabs (usually rectangularshape) which are,RER,background LCI dataset (secondary data ILCD),reference,Sphera,Sphera Managed LCA Content (MLC),2024
PROC_ALU_EXTRUSION_OPENINPUT_DE,Aluminium extrusion profile - open input aluminium ingot,RawMaterialProduction,Aluminium profiles are produced through the extrusion process. These profiles are produced from aluminium ingots called billets (usually cylinders) wh,DE,background LCI dataset (secondary data ILCD),reference,Sphera,Sphera Managed LCA Content (MLC),2024
PROC_ALU_INGOT_MIX_CONSUMPTION,Aluminium ingot mix - consumption mix,RawMaterialProduction,The common raw material for aluminium production; bauxite is composed primarily of one or more aluminium hydroxide compounds; plus silica; iron and ti,RER,background LCI dataset (secondary data ILCD),reference,Sphera,Sphera Managed LCA Content (MLC),2024
PROC_ALU_SHEET_STAMPING,Aluminium sheet deep drawing and stamping (adjustable),Manufacturing,There are existing several types of deep drawing machines. Dependend on the size of the parts to be produced and the amount of deep drawing steps; sin,DE,background LCI dataset (secondary data ILCD),reference,Sphera,Sphera Managed LCA Content (MLC),2023
PROC_STEEL_FORGED_COMPONENT,Steel forged component (EN15804 A1-A3),Manufacturing,The data set represents the steel production in Germany based on the main production steps which take place within an integrated steel plant. These pr,RER,background LCI dataset (secondary data ILCD),reference,Sphera,Sphera Managed LCA Content (MLC),2024
PROC_STEEL_SHEET_075MM_HDA,Steel sheet 0.75mm HDA (0.02mm Al; 2sides),RawMaterialProduction,The data set represents the steel production in Germany based on the main production steps which take place within an integrated steel plant. These pr,DE,background LCI dataset (secondary data ILCD),reference,Sphera,Sphera Managed LCA Content (MLC),2024
PROC_STEEL_COLD_ROLL_STAINLESS,Stainless steel cold roll,RawMaterialProduction,Foreground system: The data set represents the stainless steel production in Germany based on the main production steps which take place within an ele,DE,background LCI dataset (secondary data ILCD),reference,Sphera,Sphera Managed LCA Content (MLC),2024
PROC_ELECTRICITY_GREEN_GRID_MIX_DE,Green electricity grid mix (production mix) (2021),RawMaterialProduction,Foreground system: The national or regional specific green electricity consumption mix is provided by the conversion of the different energy carriers ,DE,background LCI dataset (secondary data ILCD),reference,Sphera,Sphera Managed LCA Content (MLC),2021
PROC_ELECTRICITY_GRID_MIX_CN,Electricity grid mix,RawMaterialProduction,Foreground system: The national or regional specific electricity consumption mix is provided by the conversion of the different energy carriers to ele,CN,background LCI dataset (secondary data ILCD),reference,Sphera,Sphera Managed LCA Content (MLC),2021
PROC_PA66_GRANULATE_MIX,Polyamide 6.6 granulate (PA 6.6) mix,RawMaterialProduction,Nylon 6.6 granulate is produced from hexamethylene diamine and adipic acid via AH-salt. The first stage is the preparation of pure AH salt (salt from ,DE,background LCI dataset (secondary data ILCD),reference,Sphera,Sphera Managed LCA Content (MLC),2024
PROC_PA6_GF30_WASTE_INCINERATION,Polyamide (PA) 6 GF30 (4.5% H2O) in waste incineration plant,EndOfLife,The data set represents the incineration of polyamide (PA) 6 GF30 waste with a net calorific value (NCV) of 20.5 MJ/kg. The incineration is done in wa,DE,background LCI dataset (secondary data ILCD),reference,Sphera,Sphera Managed LCA Content (MLC),2024
