from_id,to_id,role
ART_CUSTOM,BEH_CLOSE,operating behavior
ART_CUSTOM,BEH_OPEN,operating behavior
ART_CUSTOM,BEH_RELEASE,operating behavior
ART_LARGE,BEH_CLOSE,operating behavior
ART_LARGE,BEH_OPEN,operating behavior
ART_LARGE,BEH_RELEASE,operating behavior
ART_ADAPTIVE,BEH_CLOSE,operating behavior
ART_ADAPTIVE,BEH_OPEN,operating behavior
ART_ADAPTIVE,BEH_RELEASE,operating behavior
ART_ADAPTIVE,BEH_ADAPT,operating behavior
ART_VACUUM,BEH_VACUUM,operating behavior
ART_VACUUM,BEH_RELEASE,operating behavior
ART_MAGNET,BEH_MAGNET,operating behavior
ART_MAGNET,BEH_RELEASE,operating behavior
ART_FLAT_PA12,BEH_CLOSE,operating behavior
ART_FLAT_PA12,BEH_OPEN,operating behavior
ART_FLAT_PA12,BEH_RELEASE,operating behavior
ART_PREC_PA12,BEH_CLOSE,operating behavior
ART_PREC_PA12,BEH_OPEN,operating behavior
ART_PREC_PA12,BEH_RELEASE,operating behavior
ART_XL_PA12,BEH_CLOSE,operating behavior
ART_XL_PA12,BEH_OPEN,operating behavior
ART_XL_PA12,BEH_RELEASE,operating behavior
ART_FLAT_PETG,BEH_CLOSE,operating behavior
ART_FLAT_PETG,BEH_OPEN,operating behavior
ART_FLAT_PETG,BEH_RELEASE,operating behavior
ART_FLAT_AL,BEH_CLOSE,operating behavior
ART_FLAT_AL,BEH_OPEN,operating behavior
ART_FLAT_AL,BEH_RELEASE,operating behavior
ART_PREC_POM,BEH_CLOSE,operating behavior
ART_PREC_POM,BEH_OPEN,operating behavior
ART_PREC_POM,BEH_RELEASE,operating behavior
ART_PREC_AL7075,BEH_CLOSE,operating behavior
ART_PREC_AL7075,BEH_OPEN,operating behavior
ART_PREC_AL7075,BEH_RELEASE,operating behavior
ART_XL_CFPA,BEH_CLOSE,operating behavior
ART_XL_CFPA,BEH_OPEN,operating behavior
ART_XL_CFPA,BEH_RELEASE,operating behavior
ART_V_PA12,BEH_CLOSE,operating behavior
ART_V_PA12,BEH_OPEN,operating behavior
ART_V_PA12,BEH_RELEASE,operating behavior
ART_V_PETG,BEH_CLOSE,operating behavior
ART_V_PETG,BEH_OPEN,operating behavior
ART_V_PETG,BEH_RELEASE,operating behavior
ART_V_POM,BEH_CLOSE,operating behavior
ART_V_POM,BEH_OPEN,operating behavior
ART_V_POM,BEH_RELEASE,operating behavior
ART_V_AL,BEH_CLOSE,operating behavior
ART_V_AL,BEH_OPEN,operating behavior
ART_V_AL,BEH_RELEASE,operating behavior
ART_CONC_PA12,BEH_CLOSE,operating behavior
ART_CONC_PA12,BEH_OPEN,operating behavior
ART_CONC_PA12,BEH_RELEASE,operating behavior
ART_CONC_POM,BEH_CLOSE,operating behavior
ART_CONC_POM,BEH_OPEN,operating behavior
ART_CONC_POM,BEH_RELEASE,operating behavior
ART_TPU_PAD,BEH_CLOSE,operating behavior
ART_TPU_PAD,BEH_OPEN,operating behavior
ART_TPU_PAD,BEH_RELEASE,operating behavior
ART_TPU_PAD,BEH_ADAPT,operating behavior
ART_SIL_PAD,BEH_CLOSE,operating behavior
ART_SIL_PAD,BEH_OPEN,operating behavior
ART_SIL_PAD,BEH_RELEASE,operating behavior
ART_SIL_PAD,BEH_ADAPT,operating behavior
ART_FINRAY_TPU,BEH_CLOSE,operating behavior
ART_FINRAY_TPU,BEH_OPEN,operating behavior
ART_FINRAY_TPU,BEH_RELEASE,operating behavior
ART_FINRAY_TPU,BEH_ADAPT,operating behavior
ART_FINRAY_TPE,BEH_CLOSE,operating behavior
ART_FINRAY_TPE,BEH_OPEN,operating behavior
ART_FINRAY_TPE,BEH_RELEASE,operating behavior
ART_FINRAY_TPE,BEH_ADAPT,operating behavior
ART_LONG_CFPA,BEH_CLOSE,operating behavior
ART_LONG_CFPA,BEH_OPEN,operating behavior
ART_LONG_CFPA,BEH_RELEASE,operating behavior
ART_LONG_AL,BEH_CLOSE,operating behavior
ART_LONG_AL,BEH_OPEN,operating behavior
ART_LONG_AL,BEH_RELEASE,operating behavior
ART_THIN_POM,BEH_CLOSE,operating behavior
ART_THIN_POM,BEH_OPEN,operating behavior
ART_THIN_POM,BEH_RELEASE,operating behavior
ART_THIN_STEEL,BEH_CLOSE,operating behavior
ART_THIN_STEEL,BEH_OPEN,operating behavior
ART_THIN_STEEL,BEH_RELEASE,operating behavior
ART_THIN_STEEL,BEH_ADAPT,operating behavior
ART_INTERNAL_PA12,BEH_CLOSE,operating behavior
ART_INTERNAL_PA12,BEH_OPEN,operating behavior
ART_INTERNAL_PA12,BEH_RELEASE,operating behavior
ART_INTERNAL_AL,BEH_CLOSE,operating behavior
ART_INTERNAL_AL,BEH_OPEN,operating behavior
ART_INTERNAL_AL,BEH_RELEASE,operating behavior
ART_3FINGER_PA12,BEH_CLOSE,operating behavior
ART_3FINGER_PA12,BEH_OPEN,operating behavior
ART_3FINGER_PA12,BEH_RELEASE,operating behavior
ART_3FINGER_PA12,BEH_ADAPT,operating behavior
ART_SOFT_SIL,BEH_CLOSE,operating behavior
ART_SOFT_SIL,BEH_OPEN,operating behavior
ART_SOFT_SIL,BEH_RELEASE,operating behavior
ART_SOFT_SIL,BEH_ADAPT,operating behavior
ART_VAC_SMALL_NBR,BEH_VACUUM,operating behavior
ART_VAC_SMALL_NBR,BEH_RELEASE,operating behavior
ART_VAC_LARGE_SIL,BEH_VACUUM,operating behavior
ART_VAC_LARGE_SIL,BEH_RELEASE,operating behavior
ART_VAC_ARRAY,BEH_VACUUM,operating behavior
ART_VAC_ARRAY,BEH_RELEASE,operating behavior
ART_MAG_SMALL,BEH_MAGNET,operating behavior
ART_MAG_SMALL,BEH_RELEASE,operating behavior
ART_MAG_WIDE,BEH_MAGNET,operating behavior
ART_MAG_WIDE,BEH_RELEASE,operating behavior
ART_HYBRID,BEH_CLOSE,operating behavior
ART_HYBRID,BEH_OPEN,operating behavior
ART_HYBRID,BEH_RELEASE,operating behavior
ART_HYBRID,BEH_ADAPT,operating behavior
ART_ADAPTIVE,BEH_CENTER,operating behavior
ART_INTERNAL_PA12,BEH_CENTER,operating behavior
ART_INTERNAL_AL,BEH_CENTER,operating behavior
