from_id,to_id,degreeOfFulfilment
SP_PARALLEL,FUNC_GRASP,0.9
SP_PARALLEL,FUNC_CENTER,0.8
SP_ADAPTIVE,FUNC_GRASP,0.9
SP_ADAPTIVE,FUNC_ADAPT,0.95
SP_INTERNAL,FUNC_GRASP,0.85
SP_INTERNAL,FUNC_CENTER,0.8
SP_VACUUM,FUNC_GRASP,0.9
SP_MAGNET,FUNC_GRASP,0.9
SP_SOFT,FUNC_PROTECT,0.95
SP_FINRAY,FUNC_ADAPT,0.95
SP_THREE,FUNC_ADAPT,0.9
SP_PARALLEL,FUNC_RELEASE,0.95
SP_ADAPTIVE,FUNC_RELEASE,0.95
SP_INTERNAL,FUNC_RELEASE,0.9
SP_VACUUM,FUNC_RELEASE,0.85
SP_MAGNET,FUNC_RELEASE,0.85
SP_SOFT,FUNC_RELEASE,0.95
SP_FINRAY,FUNC_RELEASE,0.95
SP_THREE,FUNC_RELEASE,0.9
SP_PARALLEL,FUNC_RETAIN,0.9
SP_INTERNAL,FUNC_RETAIN,0.85
SP_VACUUM,FUNC_RETAIN,0.8
SP_MAGNET,FUNC_RETAIN,0.8
SP_THREE,FUNC_RETAIN,0.85
SP_PARALLEL,FUNC_CUSTOM_CONTACT,0.85
